,Time,Value
0,0.0,0.0
1,11.11111111111111,-0.9149436345346486
2,22.22222222222222,0.7385089174883204
3,33.33333333333333,0.31884634435869225
4,44.44444444444444,-0.9958699829459416
5,55.55555555555556,0.4849833510503931
6,66.66666666666666,0.6044092239819683
7,77.77777777777777,-0.9728402909481166
8,88.88888888888889,0.18083174938399235
9,100.0,0.8268795405320026
